

--Remplissage de la table USERS 
INSERT INTO USERS (IDUSER, LASTNAME, FIRSTNAME, EMAIL)
VALUES (1, 'Souad', 'MESBAH', 'souad.mesbah@gmail.com');
INSERT INTO USERS (IDUSER, LASTNAME, FIRSTNAME, EMAIL)
VALUES (2, 'Younes', 'CHALAH', 'younes.chalah@gmail.com');
INSERT INTO USERS (IDUSER, LASTNAME, FIRSTNAME, EMAIL)
VALUES (3, 'Chahinaz', 'MELEK', 'chahinaz.melek@gmail.com');
INSERT INTO USERS (IDUSER, LASTNAME, FIRSTNAME, EMAIL)
VALUES (4, 'Samia', 'OUALI', 'samia.ouali@gmail.com');
INSERT INTO USERS (IDUSER, LASTNAME, FIRSTNAME, EMAIL)
VALUES (5, 'Djamel', 'MATI', 'djamel.mati@gmail.com');
INSERT INTO USERS (IDUSER, LASTNAME, FIRSTNAME, EMAIL)
VALUES (6, 'Assia', 'HORRA', 'assia.horra@gmail.com');
INSERT INTO USERS (IDUSER, LASTNAME, FIRSTNAME, EMAIL)
VALUES (7, 'Lamine', 'MERABAT', 'lamine.MERABAT@gmail.com');
INSERT INTO USERS (IDUSER, LASTNAME, FIRSTNAME, EMAIL)
VALUES (8, 'Seddik', 'HMIA', 'seddik.hmia@gmail.com');
INSERT INTO USERS (IDUSER, LASTNAME, FIRSTNAME, EMAIL)
VALUES (9, 'Widad', 'TOUATI', 'widad.touati@gmail.com');


--Remplissage de la table SERVICE
INSERT INTO SERVICE (IDSERVICE, NAME, SERVICETYPE)
VALUES (1, 'myKWHome', 'smarthome');
INSERT INTO SERVICE (IDSERVICE, NAME, SERVICETYPE)
VALUES (2, 'FridgAlert', 'smarthome');
INSERT INTO SERVICE (IDSERVICE, NAME, SERVICETYPE)
VALUES (3, 'RUNstats', 'quantifiedself');
INSERT INTO SERVICE (IDSERVICE, NAME, SERVICETYPE)
VALUES (4, 'traCARE', 'quantifiedself');
INSERT INTO SERVICE (IDSERVICE, NAME, SERVICETYPE)
VALUES (5, 'dogWATCH', NULL);
INSERT INTO SERVICE (IDSERVICE, NAME, SERVICETYPE)
VALUES (6, 'CarUse', NULL);



--Remplissage de la table THING
INSERT INTO THING (MAC, IDUSER, THINGTYPE, PARAM)
VALUES ('f0:de:f1:39:7f:17', 1, NULL, NULL);
INSERT INTO THING (MAC, IDUSER, THINGTYPE, PARAM)
VALUES ('f0:de:f1:39:7f:18', 2, NULL, NULL);
INSERT INTO THING (MAC, IDUSER, THINGTYPE, PARAM)
VALUES ('f0:de:f1:39:7f:19', 2, 'thingtempo', '60');
INSERT INTO THING (MAC, IDUSER, THINGTYPE, PARAM)
VALUES ('f0:de:f1:39:7f:25', 10, NULL, NULL); -- Probleme IDUSER 10 nexiste pas dans la table USERS
INSERT INTO THING (MAC, IDUSER, THINGTYPE, PARAM)
VALUES ('f0:de:f1:39:7f:20', 2, 'thingtempo', '1.5');
INSERT INTO THING (MAC, IDUSER, THINGTYPE, PARAM)
VALUES ('f0:de:f1:39:7f:21', 4, NULL, NULL);
INSERT INTO THING (MAC, IDUSER, THINGTYPE, PARAM)
VALUES ('f0:de:f1:39:7f:22', 4, NULL, NULL);


--Remplissage de la table SUBSCRIBE
INSERT INTO SUBSCRIBE (IDUSER, IDSERVICE)
VALUES (2, 1);
INSERT INTO SUBSCRIBE (IDUSER, IDSERVICE)
VALUES (2, 2);
INSERT INTO SUBSCRIBE (IDUSER, IDSERVICE)
VALUES (1, 3);
INSERT INTO SUBSCRIBE (IDUSER, IDSERVICE)
VALUES (3, 7); -- Probleme IDSERVICE 7 nexiste pas dans la table SERVICE
